<?xml version="1.0" encoding="UTF-8"?>
<metadata xml:lang="es"><Esri><CreaDate>20190509</CreaDate><CreaTime>11354300</CreaTime><ArcGISFormat>1.0</ArcGISFormat><SyncOnce>TRUE</SyncOnce><DataProperties><lineage><Process ToolSource="c:\program files (x86)\arcgis\desktop10.5\ArcToolbox\Toolboxes\Data Management Tools.tbx\CalculateField" Date="20190509" Time="113543">CalculateField "Fuentes de abastecimiento" Color "Verde" VB #</Process><Process ToolSource="c:\program files (x86)\arcgis\desktop10.5\ArcToolbox\Toolboxes\Data Management Tools.tbx\CalculateField" Date="20190509" Time="113557">CalculateField "Fuentes de abastecimiento" Color "Café" VB #</Process><Process ToolSource="c:\program files (x86)\arcgis\desktop10.5\ArcToolbox\Toolboxes\Data Management Tools.tbx\CalculateField" Date="20190509" Time="113953">CalculateField "Fuentes de abastecimiento" Color "Gris" VB #</Process><Process ToolSource="c:\program files (x86)\arcgis\desktop10.5\ArcToolbox\Toolboxes\Data Management Tools.tbx\CalculateField" Date="20190509" Time="165406">CalculateField "Fuentes de abastecimiento" Fuente "Mintzita" VB #</Process><Process ToolSource="c:\program files (x86)\arcgis\desktop10.5\ArcToolbox\Toolboxes\Data Management Tools.tbx\CalculateField" Date="20190509" Time="165427">CalculateField "Fuentes de abastecimiento" Fuente "Cointzio" VB #</Process><Process ToolSource="c:\program files (x86)\arcgis\desktop10.5\ArcToolbox\Toolboxes\Data Management Tools.tbx\CalculateField" Date="20190509" Time="165456">CalculateField "Fuentes de abastecimiento" Fuente "Fuentes Subterráneas (Pozos)" VB #</Process><Process ToolSource="c:\program files (x86)\arcgis\desktop10.5\ArcToolbox\Toolboxes\Data Management Tools.tbx\CalculateField" Date="20190509" Time="165523">CalculateField "Fuentes de abastecimiento" Fuente "Salto, La Higuera, La Quemada" VB #</Process><Process ToolSource="c:\program files (x86)\arcgis\desktop10.5\ArcToolbox\Toolboxes\Data Management Tools.tbx\CalculateField" Date="20190509" Time="165610">CalculateField "Fuentes de abastecimiento" Fuente "Mintzita - Cointzio - Fuentes Subterráneas (Pozos)" VB #</Process><Process ToolSource="c:\program files (x86)\arcgis\desktop10.5\ArcToolbox\Toolboxes\Data Management Tools.tbx\CalculateField" Date="20190509" Time="165636">CalculateField "Fuentes de abastecimiento" Fuente "Mintzita - Fuentes Subterráneas (Pozos)" VB #</Process><Process ToolSource="c:\program files (x86)\arcgis\desktop10.5\ArcToolbox\Toolboxes\Data Management Tools.tbx\CalculateField" Date="20190509" Time="165721">CalculateField "Fuentes de abastecimiento" Fuente "Salto, La higuera, La Quemada - Fuentes Subterráneas (Pozos)" VB #</Process><Process ToolSource="c:\program files (x86)\arcgis\desktop10.5\ArcToolbox\Toolboxes\Data Management Tools.tbx\CalculateField" Date="20190509" Time="165741">CalculateField "Fuentes de abastecimiento" Fuente "No especificado" VB #</Process><Process ToolSource="c:\program files (x86)\arcgis\desktop10.5\ArcToolbox\Toolboxes\Data Management Tools.tbx\CalculateField" Date="20190509" Time="165803">CalculateField "Fuentes de abastecimiento" Fuente "Mintzita - Cointzio" VB #</Process></lineage></DataProperties></Esri></metadata>
